{"page":1,"results":[{"adult":false,"backdrop_path":"/8Bcm0qBnS6yjwTFad8eI6thzRub.jpg","genre_ids":[99],"id":869250,"original_language":"en","original_title":"Being James Bond","overview":"Daniel Craig candidly reflects on his 15 year adventure as James Bond. Including never-before-seen archival footage from Casino Royale to the upcoming 25th film No Time To Die, Craig shares his personal memories in conversation with 007 producers, Michael G Wilson and Barbara Broccoli.","popularity":14.428,"poster_path":"/kKG9gieki5wgEcVXLfnX1lbOcrO.jpg","release_date":"2021-08-29","title":"Being James Bond","video":false,"vote_average":8,"vote_count":32},{"adult":false,"backdrop_path":"/nzdDssalappUBAuqRybnwilKThH.jpg","genre_ids":[99,35],"id":438493,"original_language":"en","original_title":"Becoming Bond","overview":"The stranger-than-fiction true story of George Lazenby, a poor Australian car mechanic who, through an unbelievable set of circumstances, landed the role of James Bond despite having never acted a day in his life.","popularity":4.767,"poster_path":"/oRyVYIqegDB5rWjfloeu1Zgk332.jpg","release_date":"2017-03-11","title":"Becoming Bond","video":false,"vote_average":7.3,"vote_count":43},{"adult":false,"backdrop_path":"/Lz17qcjUuLAjHokrnmBAC1wasT.jpg","genre_ids":[99],"id":338749,"original_language":"en","original_title":"James Bond: For Real","overview":"The stunts and action set pieces for the the 2006 James Bond adventure 'Casino Royale'.","popularity":6.482,"poster_path":"/vYNYCv3LrZjRvQaFTm5HnZVCIut.jpg","release_date":"2006-11-22","title":"James Bond: For Real","video":true,"vote_average":7.3,"vote_count":4},{"adult":false,"backdrop_path":"/wXCcc5uSRfMj0OA9yS8W0Fx9f23.jpg","genre_ids":[99],"id":711246,"original_language":"en","original_title":"Becoming Bond","overview":"A documentary which shows the creation of Casino Royale (2006).","popularity":2.981,"poster_path":"/A5TXG2mpyI4LBoZQEt0pl72iBCP.jpg","release_date":"2006-11-07","title":"Becoming Bond","video":false,"vote_average":6,"vote_count":1},{"adult":false,"backdrop_path":"/9a0v757HKRkqmiaBed66lez3pcW.jpg","genre_ids":[99],"id":486869,"original_language":"en","original_title":"Word is Bond","overview":"This documentary ﬁlm examines the transformative power of lyrics in the world of hip-hop music. Through dynamic archival footage, in-depth interviews and excursions with artists like Nas, Tech9, J Cole, Rapsody and Anderson. Paak, the film explores the many dimensions that hip-hop poetics occupy.","popularity":3.185,"poster_path":"/v6INHEhAw8nK4cquCgLOKY8Xyiw.jpg","release_date":"2017-11-10","title":"Word is Bond","video":false,"vote_average":6.6,"vote_count":5},{"adult":false,"backdrop_path":null,"genre_ids":[35],"id":53422,"original_language":"en","original_title":"The Bond","overview":"A propaganda film created by Charlie Chaplin at his own expense for the Liberty Load Committee to help sell U.S. Liberty Bonds during World War I. The story is a series of sketches humorously illustrating various bonds like the bond of friendship and of marriage and, most important, the Liberty Bond, to K.O. the Kaiser which Charlie does literally.","popularity":2.357,"poster_path":"/6U7AzDxNFdzxqzDbH3XEb2xPJYl.jpg","release_date":"1918-09-29","title":"The Bond","video":false,"vote_average":4.7,"vote_count":26},{"adult":false,"backdrop_path":"/oYrfW8tHuctOmr5QEDnE7F3WfpZ.jpg","genre_ids":[18,10770],"id":68803,"original_language":"en","original_title":"Bond of Silence","overview":"A widow's forgiveness. A killer's remorse. Bond of Silence is the true life story of a shocking murder and the amazing bond that came from it. Katy and Bob live a perfect life in a small close knit town. He's a respected lawyer, a renowned tri-athlete. She just had twins. It is New Year's Eve. Teens converge on the house next door. Always the good neighbor, Bob goes to shut it down. A confrontation occurs. Then he's dead. No teen comes forward. The media pours in. Headlines scream. Katy hunts for answers. But no one talks. A bond of silence covers the town. The police do an undercover sting and someone's caught. Ryan, a popular kid, tries to be cool, but the burden of what he did that night is unbelievable. Ryan and his attorney want to plead not guilty, but then Katy and Ryan meet. Where Katy should be a grieving wife, she becomes a supportive mother. Rather than berating, she listens. Rather than accusing..","popularity":2.591,"poster_path":"/lIjOiv25JUJVGUE4N19GvmFA3M5.jpg","release_date":"2010-08-23","title":"Bond of Silence","video":false,"vote_average":6.2,"vote_count":11},{"adult":false,"backdrop_path":null,"genre_ids":[99],"id":34079,"original_language":"en","original_title":"Bond Girls Are Forever","overview":"Through vintage film clips of past Bond movie epics, and with the participation of several former \"Bond Girls\" as interviewees (among them Dr. No's Ursula Andress and Diamonds Are Forever's Jill St. John), the documentary traced the evolution of the typical James Bond heroine from decorative damsel in distress to gutsy (but still decorative) participant in the action.","popularity":2.915,"poster_path":"/tg1vnE0P6bzrth7PabphXEDE1fd.jpg","release_date":"2002-11-06","title":"Bond Girls Are Forever","video":false,"vote_average":5.7,"vote_count":15},{"adult":false,"backdrop_path":null,"genre_ids":[28],"id":822110,"original_language":"en","original_title":"Daniel Craig vs James Bond","overview":"Starting with a high-speed taxi sequence, Daniel is constantly recognized as James Bond by surprised locals as he hunts down his missing passport.","popularity":4.391,"poster_path":"/7hknQnJPd5lfrW1QFJUxmSxp3e4.jpg","release_date":"2020-01-25","title":"Daniel Craig vs James Bond","video":false,"vote_average":4.5,"vote_count":2},{"adult":false,"backdrop_path":null,"genre_ids":[28],"id":74227,"original_language":"en","original_title":"The Blood Bond","overview":"In a war-torn Asian land, peace lies in the hands of the Bagwun, a revered religious leader. When he is wounded in an assassination attempt, his sworn protector, Deva, sets out on a dangerous journey to find the one man who can provide the rare blood type needed to save her master's life. The potential donor is John Tremayne (Biehn), an embittered form US Special Forces operative. Together, this unlikely pair must run the gauntlet laid down by rebel leader Lompoc (Yam) and his aide Guang Di (Pei).","popularity":2.523,"poster_path":"/qOi2hM7p7OrlxRkzn21OiN7pRp2.jpg","release_date":"2010-05-13","title":"The Blood Bond","video":false,"vote_average":2.7,"vote_count":3},{"adult":false,"backdrop_path":null,"genre_ids":[28,53,18],"id":592683,"original_language":"ja","original_title":"Bond: Kizuna","overview":"A rookie detective's friend is brutally murdered by the Japanese mafia, she must revenge for her and bring justice to the world, as an assassin.","popularity":1.58,"poster_path":"/hyZQKiFim3oW5wqoUFCVWFreJ05.jpg","release_date":"2019-06-30","title":"Bond: Kizuna","video":false,"vote_average":0,"vote_count":0},{"adult":false,"backdrop_path":null,"genre_ids":[99],"id":44650,"original_language":"en","original_title":"The James Bond Story","overview":"Bond... James Bond! Perhaps the greatest fictional cinema icon ever. He first appeared on the big screen in 1962 in Dr. No and has remained the most powerful action hero ever since. The secret to his success is his adaptability. No matter what tight spots he finds himself in, he always appears to be suave, sophisticated and cool. This is the full story -- from the creation of the character, the men who played him, all the toys, and all the women. Everything you wanted to know about James Bond... and more.","popularity":2.473,"poster_path":"/wG1iksqapNCNNZuIneHuF6j9Sg0.jpg","release_date":"1999-10-09","title":"The James Bond Story","video":false,"vote_average":6.5,"vote_count":11},{"adult":false,"backdrop_path":null,"genre_ids":[99],"id":604593,"original_language":"en","original_title":"The Bond Sound - The Music of 007","overview":"Documentary discussing the many songs featured in the James Bond films","popularity":4.717,"poster_path":"/yPWYwqZou2lsJGW7BmYtywtY6Bt.jpg","release_date":"2000-01-01","title":"The Bond Sound - The Music of 007","video":true,"vote_average":5.5,"vote_count":2},{"adult":false,"backdrop_path":null,"genre_ids":[99],"id":368155,"original_language":"en","original_title":"Happy Anniversary 007: 25 Years of James Bond","overview":"An hour documentary on the history of Bond for the 25th anniversary of the film series.","popularity":6.456,"poster_path":"/mVeyZnJBNXFX6C02Hya1ZahH3xH.jpg","release_date":"1987-05-13","title":"Happy Anniversary 007: 25 Years of James Bond","video":false,"vote_average":5.4,"vote_count":5},{"adult":false,"backdrop_path":null,"genre_ids":[18,53],"id":128795,"original_language":"en","original_title":"Fatal Bond","overview":"A young woman takes off with a charming stranger in Australia, then begins to think he's a killer.","popularity":1.4,"poster_path":"/gHSX415053wnNNeTKX1ww07W9Kl.jpg","release_date":"1991-10-28","title":"Fatal Bond","video":false,"vote_average":5.3,"vote_count":4},{"adult":false,"backdrop_path":null,"genre_ids":[99],"id":50547,"original_language":"en","original_title":"Best Ever Bond","overview":"Roger Moore presents the ten best sequences ever to have appeared in the James Bond series, and cast members recall their favourite moments.","popularity":1.519,"poster_path":null,"release_date":"2002-11-22","title":"Best Ever Bond","video":false,"vote_average":3.5,"vote_count":2},{"adult":false,"backdrop_path":null,"genre_ids":[99],"id":841797,"original_language":"en","original_title":"Shooting Bond","overview":"A documentary about the making of Skyfall.","popularity":1.4,"poster_path":"/fqS4xEnerYPqQAMaA05jnbidKrx.jpg","release_date":"2013-02-12","title":"Shooting Bond","video":false,"vote_average":6,"vote_count":1},{"adult":false,"backdrop_path":"/5us9DnXquBS59brieggQSXoPfNG.jpg","genre_ids":[35,28],"id":859947,"original_language":"en","original_title":"Mat Bond Malaya","overview":"Mat wants to be a spy agent on M6. With the help of his mother, he managed to work at M6 but as an office boy. At the same time, he begins to like one of the lovely agents named Bondi. Mat was challenged by G to take a picture with Bondi","popularity":1.854,"poster_path":"/5gBrmvb6RJsga4EuxdxjG32OUc0.jpg","release_date":"2021-07-20","title":"Mat Bond Malaya","video":false,"vote_average":0,"vote_count":0},{"adult":false,"backdrop_path":null,"genre_ids":[18],"id":253027,"original_language":"en","original_title":"Bond Street","overview":"Charts the events occurring during a typical 24-hour period on London’s thoroughfare Bond Street. Linking the four stories together is the impending wedding of society girl Hazel Court and Robert Flemyng.","popularity":1.333,"poster_path":"/lXd1bVb7aHCEj8pqDE6iWkwMzWD.jpg","release_date":"1948-05-12","title":"Bond Street","video":false,"vote_average":6.8,"vote_count":3},{"adult":false,"backdrop_path":null,"genre_ids":[],"id":458782,"original_language":"en","original_title":"Bond, Found Bond","overview":"Found Footage film made up from Bond movies.","popularity":0.6,"poster_path":null,"release_date":"2016-02-02","title":"Bond, Found Bond","video":false,"vote_average":0,"vote_count":0}],"total_pages":18,"total_results":352}
